Вакансия,Компания,Ссылка,Зарплата,Метро
Администратор выходного дня (психологический центр),ООО Научно-Исследовательский Центр детской нейропсихологии им. А.Р.Лурия,https://hh.ru/vacancy/38255827,от 18000 руб.,
Подработка, Шафиков Ильгиз,https://hh.ru/vacancy/38355011,от 2500 руб.,
Оператор ПК,ООО ОТДЕЛКИНО CITY,https://hh.ru/vacancy/38310987,20000-20000 руб.,
Помощник по контенту, Hot-walls,https://hh.ru/vacancy/38329471,50000-70000 руб.,Тульская
Специалист по кадрам, ILMIXGROUP,https://hh.ru/vacancy/38327590,80000-85000 руб.,Павелецкая
Помощник по хозяйству и Помощница по хозяйству, Шульц Наталья,https://hh.ru/vacancy/38323613,100000-100000 руб.,
Оператор-администратор сети студий лазерной эпиляции," SOFT LASER, метро Чистые пруды",https://hh.ru/vacancy/38354815,20000-40000 руб.,
Проверяющий,ИП Макаров Дмитрий Валерьевич,https://hh.ru/vacancy/37833416,от 60000 руб.,
Сотрудник Управления информационных технологий, ФССП России,https://hh.ru/vacancy/38318029,70000-100000 руб.,
Тайный покупатель, Прокопьева Елена,https://hh.ru/vacancy/38022431,,
Сканировщик входящих документов в Арбитражном суде,ООО ГК Крым,https://hh.ru/vacancy/38244440,20000-20000 руб.,Комсомольская
Оператор 1С,ООО ГЕРМЕС,https://hh.ru/vacancy/38255539,50000-50000 руб.,
Рабочий на производство,ООО БАРКИНВУД,https://hh.ru/vacancy/38092796,45000-70000 руб.,
Ассистент-стажер,ООО Буст Коллектиблз,https://hh.ru/vacancy/38145981,30000-30000 руб.,Алексеевская
Складской работник," Акушерство.ru, Компания",https://hh.ru/vacancy/38208308,от 86000 руб.,Печатники
Менеджер спортивного направления, BetBoom,https://hh.ru/vacancy/38088818,65000-80000 руб.,Дубровка
Тестировщик игр, NEXTRP,https://hh.ru/vacancy/37852898,до 50000 руб.,
Менеджер проекта, Фонд ВИНЗАВОД,https://hh.ru/vacancy/38247918,,Курская
Оператор на телефоне, Смирнова Ольга,https://hh.ru/vacancy/38206187,50000-60000 руб.,
Начальник отдела хранения фондов музея, Музей Техники Вадима Задорожного,https://hh.ru/vacancy/38309496,60000-60000 руб.,
Администратор,ООО ДЖИ СИ КЛАБ,https://hh.ru/vacancy/38355995,90000-120000 руб.,Спортивная
Помощник менеджера по рекламе, АВТОРИНГ,https://hh.ru/vacancy/38355222,73000-95000 руб.,
Удаленный сотрудник службы поддержки клиентов," Ягуар, ДОВ, НОУ",https://hh.ru/vacancy/38256159,30000-50000 руб.,
Personal Assistant to the President, Твое,https://hh.ru/vacancy/38351272,,Сходненская
Стюардесса (стюард) на яхту, Школа стюардесс «Marina-School»,https://hh.ru/vacancy/38218643,120000-180000 руб.,Нагатинская
Иммиграционный эксперт / сейлз-менеджер, Эмиграционный Центр Garant.in,https://hh.ru/vacancy/38148835,70000-210000 руб.,
"Специалист по снабжению (снабженец, Москва и Московская область)", HR CITY MOSCOW,https://hh.ru/vacancy/38308638,60000-90000 руб.,
Оператор ПК, Работа-это проСТО,https://hh.ru/vacancy/38211136,36000-36000 руб.,
Каменщик,ООО ТЕХНОСТРОЙ,https://hh.ru/vacancy/38330519,от 80000 руб.,
Педагог-психолог,ООО ДЕТИ БУДУЩЕГО,https://hh.ru/vacancy/38326207,45000-50000 руб.,Алексеевская
Стилист (fashion) / съёмка Stories/ TikTok,ООО Оптово-Розничный Торговый Центр Москва,https://hh.ru/vacancy/38219428,,
Модератор, DAILY MARKETING,https://hh.ru/vacancy/38323386,до 40000 руб.,
Оператор ПК/ Менеджер 1С,ООО Эковита Лимитед,https://hh.ru/vacancy/38246686,40000-40000 руб.,Отрадное
Администратор в ветеринарную клинику,ООО ВК ЦЕНТР,https://hh.ru/vacancy/38330433,от 33000 руб.,Цветной бульвар
Оператор розничного склада 1С," Francesco Donni, Сеть магазинов",https://hh.ru/vacancy/38239000,от 50000 руб.,
Менеджер по организации выставок,ООО «СТО Конгресс»,https://hh.ru/vacancy/38148673,,Партизанская
Ранер,ООО Группа Компаний Лето,https://hh.ru/vacancy/37963361,55000-65000 руб.,
Оператор 1С,ООО Oфис Маркет,https://hh.ru/vacancy/38142335,от 45000 руб.,Румянцево
Ученик на полиграфическое производство," Пушкинская площадь, Полиграфический комплекс",https://hh.ru/vacancy/38211965,от 27000 руб.,Печатники
Сварщик,ООО Универсальные Технологии,https://hh.ru/vacancy/38250933,от 70000 руб.,Шоссе Энтузиастов
Садовник/Работник садового хозяйства, SKOLKOVO GOLF CLUB,https://hh.ru/vacancy/38317371,56000-56000 руб.,Славянский бульвар
Сварщик на полуавтомат,ООО Эникомтек,https://hh.ru/vacancy/38316871,от 60000 руб.,
Администратор (дневной или ночной) в бутик-отель 4*,ООО КП30,https://hh.ru/vacancy/38094371,30000-55000 руб.,
"Стажер в Департамент аудита (Intern, Audit, Moscow)", KPMG,https://hh.ru/vacancy/37808499,,Международная
Специалист по учету дебиторской задолженности,ООО Рейма,https://hh.ru/vacancy/38255691,75000-80000 руб.,Менделеевская
Судебный пристав-исполнитель, Управление Федеральной службы судебных приставов по Москве,https://hh.ru/vacancy/38354046,60000-63000 руб.,
Администратор,ООО Здоровое Поколение,https://hh.ru/vacancy/38316960,от 45000 руб.,
Инженер технической поддержки пользователей,ООО Цитадель,https://hh.ru/vacancy/38209577,до 85000 руб.,Раменки
Junior Data Analyst / Младший аналитик данных, IndexSol,https://hh.ru/vacancy/38036998,,Университет
Специалист по обработке транспортных документов, Deliver,https://hh.ru/vacancy/38247048,от 55000 руб.,Беговая
Digital marketing specialist, Davines Russia,https://hh.ru/vacancy/38329857,,Белорусская
Директор по связям с общественностью, Yota,https://hh.ru/vacancy/38254835,,
Администратор, Международный продюсерский центр Театраведы,https://hh.ru/vacancy/37925897,40000-80000 руб.,Преображенская площадь
Младший сотрудник отдела разметки данных, Tevian (ООО Технологии видеоанализа),https://hh.ru/vacancy/38034832,40000-70000 руб.,
Вечерний администратор,ООО Ариан Трейд,https://hh.ru/vacancy/37938519,от 35000 руб.,
Фельдшер (Вахта), International SOS,https://hh.ru/vacancy/38329703,80000-80000 руб.,
Инженер технической поддержки,ООО КлаудФэктори,https://hh.ru/vacancy/38227305,120000-150000 руб.,
Оператор 1C клиентского отдела,ООО ОптПромТорг,https://hh.ru/vacancy/38329597,45000-50000 руб.,Верхние Лихоборы
Помощник мастера отделочных работ,ИП Дмитрий Петров,https://hh.ru/vacancy/38234296,50000-100000 руб.,
Персональный помощник директора,ИП Немушкина Ольга Юрьевна,https://hh.ru/vacancy/38234016,70000-90000 руб.,Киевская
Специалист в юридический департамент,АО Глонасс,https://hh.ru/vacancy/38314496,,Деловой центр
Системный администратор,ООО Приват Консалт,https://hh.ru/vacancy/38313818,от 45000 руб.,Кутузовская
Специалист отдела контроля качества, BelkaCar,https://hh.ru/vacancy/37439035,40000-45000 руб.,
Работник торгового зала, Столичный гардероб,https://hh.ru/vacancy/38355801,35000-40000 руб.,
Оператор 1С на склад,ООО Френчкисс,https://hh.ru/vacancy/38133170,от 40000 руб.,
Психолог в школу, Russian International School,https://hh.ru/vacancy/38255783,от 70000 руб.,
Помощник мастера по ремонту Apple iPhone / Начинающий специалист,ООО Сервис СПТ,https://hh.ru/vacancy/37963638,55000-95000 руб.,
Начальник отдела доставки, Группа компаний «АРОМА»,https://hh.ru/vacancy/38245012,,
Специалист в отдел снабжения,ООО РубиконСтрой,https://hh.ru/vacancy/38325011,60000-60000 руб.,Рязанский проспект
Системный администратор/Помощник системного администратора,ООО Техноавиа,https://hh.ru/vacancy/38244485,,
Специалист службы поддержки пользователей, Веб-Мост,https://hh.ru/vacancy/38314101,35000-60000 руб.,Сокольники
Оператор 1С на первичную документацию,ООО Полимеркраска,https://hh.ru/vacancy/38325888,40000-40000 руб.,Новокосино
Оператор на линию, ФС Принт,https://hh.ru/vacancy/38212395,40000-50000 руб.,Пражская
Младший специалист по обучению и развитию, ArrowMedia,https://hh.ru/vacancy/38256182,50000-55000 руб.,Автозаводская
Танцовщица/танцовщик,ИП Салонен Юрий Оннивич,https://hh.ru/vacancy/37964573,190000-390000 руб.,
Специалист по кадрам,ООО Альянс Экспресс,https://hh.ru/vacancy/38330169,от 30000 руб.,
Оператор 1С, PRIMEBEEFMOSCOW,https://hh.ru/vacancy/36927581,от 45000 руб.,
"Оператор на телефоне, колл-центр", Pro Brunch Moscow (ИП Иванова Елена Николаевна),https://hh.ru/vacancy/38354834,45000-90000 руб.,
Junior Python разработчик, amoCRM,https://hh.ru/vacancy/37939109,,Таганская
Специалист по ведению Инстаграмма, Давыдов Сергей,https://hh.ru/vacancy/38210761,от 40000 руб.,
Администратор,ООО Нмаркет.ПРО,https://hh.ru/vacancy/38319431,60000-60000 руб.,
Администратор, Школа музыки Дмитрия Бережного,https://hh.ru/vacancy/38355208,40000-50000 руб.,
Ассистент сервис-менеджера ( удаленная работа с присутствием в офисе 1-2 раза в неделю),ООО ФотоЛайф,https://hh.ru/vacancy/37938929,от 30000 руб.,Белорусская
Специалист отдела закупок, Леруа Мерлен. Центральный офис,https://hh.ru/vacancy/38319405,,Шаболовская
Помощник мастера по ремонту, Сумцов Евгений,https://hh.ru/vacancy/37846499,50000-150000 руб.,
Программист-аналитик Python (анализ городских данных),ООО Цэи-Ит,https://hh.ru/vacancy/38202973,80000-120000 руб.,
Торговый представитель,ООО Кардос,https://hh.ru/vacancy/38026956,от 50000 руб.,
Дежурный инженер технической поддержки,ООО Глобал Телеком,https://hh.ru/vacancy/38148597,от 70000 руб.,
Ассистент бренд-менеджера,ООО Домашняя Кухня,https://hh.ru/vacancy/38218194,,Молодежная
Преподаватель английского языка онлайн,Нек. орг. Международный образовательный центр,https://hh.ru/vacancy/38209695,от 50000 руб.,
Тестировщик игр, 101XP,https://hh.ru/vacancy/37927838,,Строгино
Помощник мастера производственного участка,ООО Zart,https://hh.ru/vacancy/38218738,от 70000 руб.,
Начинающий специалист/ программист,ООО Клеверенс Софт,https://hh.ru/vacancy/38148428,30000-50000 руб.,Нагатинская
Оператор 1С, Anabelle Fashion Hub,https://hh.ru/vacancy/38325910,50000-50000 руб.,
Начальник отдела экономической безопасности,ООО Белнефтехим-РОС,https://hh.ru/vacancy/37963943,от 100000 руб.,
Оператор в интернет-магазин,ООО Бизнес Сервис,https://hh.ru/vacancy/38030542,50000-53000 руб.,
Ассистент отдела видеопродакшна, AnyClass,https://hh.ru/vacancy/38132985,,Краснопресненская
Младший Java разработчик, МойСклад,https://hh.ru/vacancy/37840743,100000-140000 руб.,ЗИЛ
Торговый представитель, Orion Group,https://hh.ru/vacancy/38317343,,Румянцево
Торговый представитель (алкоголь) Московская область," Vintegra, Альянс",https://hh.ru/vacancy/37934411,,
Администратор,ООО JUST JUMP!,https://hh.ru/vacancy/38355485,от 30000 руб.,
Разработчик отчетных форм, Программные системы и технологии,https://hh.ru/vacancy/38251920,до 90000 руб.,
Помощник администратора, Kleben,https://hh.ru/vacancy/38354978,30000-40000 руб.,
Мобильный фармацевт,ООО Фарма-Менеджмент,https://hh.ru/vacancy/38328589,от 80000 руб.,
Администратор,ИП Жукова Вера Владимировна,https://hh.ru/vacancy/38354482,15000-30000 руб.,Тульская
Помощник мастера по бытовому ремонту, Волков Мирон Алексеевич,https://hh.ru/vacancy/38137421,50000-120000 руб.,
Оператор колл-центра / Менеджер интернет магазина (удаленно), Codika,https://hh.ru/vacancy/38325774,22000-30000 руб.,
Диджей,ООО Дрим Продкашен,https://hh.ru/vacancy/38148804,40000-60000 руб.,
Специалист отдела снабжения,ООО МЕТМАШ,https://hh.ru/vacancy/38207280,от 50000 руб.,Белорусская
Сотрудник поста наблюдения,ИП Ананикянц Сейран Рафаелович,https://hh.ru/vacancy/38218692,16000-30000 руб.,
Подсобный рабочий,ООО М-Строй,https://hh.ru/vacancy/38037935,до 60000 руб.,Красносельская
Бровист-визажист, Студия 17,https://hh.ru/vacancy/38355907,до 90000 руб.,
Верстальщик, Вся полиграфия,https://hh.ru/vacancy/38323940,45000-50000 руб.,Нагатинская
Администратор образовательного центра, Гусенок на Новой Риге,https://hh.ru/vacancy/37938629,60000-80000 руб.,
Архитектор, Arch group,https://hh.ru/vacancy/38314962,40000-55000 руб.,
Ассистент менеджера по закупкам / Помощник менеджера по закупкам,ООО Сити Онлайн,https://hh.ru/vacancy/38093382,от 50000 руб.,Кожуховская
Помощник менеджера по закупкам (м. Планерная), ЗЕРН,https://hh.ru/vacancy/38127103,40000-60000 руб.,Мякинино
Оператор цифровой печати в копировальном центре, МДМпринт,https://hh.ru/vacancy/38218679,35000-50000 руб.,
Удаленный сотрудник 1-й линии поддержки клиентов," Ягуар, ДОВ, НОУ",https://hh.ru/vacancy/38256150,20000-30000 руб.,
Стажер SMM,ООО Кемпинг Рус,https://hh.ru/vacancy/38130982,40000-70000 руб.,Митино
Специалист отдела контроля, СРО Союз Федерация специалистов оценщиков,https://hh.ru/vacancy/38235016,от 60000 руб.,
Специалист контроля качества звонков, ПЕРФОРМИЯ,https://hh.ru/vacancy/37927472,от 30000 руб.,Румянцево
Специалист по договорной работе," Yellow,Black and White group",https://hh.ru/vacancy/38250030,50000-50000 руб.,
Торговый представитель,ООО НЕКС,https://hh.ru/vacancy/38232683,от 70000 руб.,
Специалист службы комплаенса, GSL Law & Consulting,https://hh.ru/vacancy/38255233,60000-65000 руб.,Беговая
Сотрудник транспортной безопасности,ООО ПТБ Рубеж,https://hh.ru/vacancy/38145658,60000-75000 руб.,Академическая
Оператор-координатор," Vintegra, Альянс",https://hh.ru/vacancy/38326613,40000-40000 руб.,
Тайный покупатель,ИП Цветков Вадим Вячеславович,https://hh.ru/vacancy/38093309,14000-24000 руб.,
Специалист нотариальной конторы, Нотариус Струнин Евгений Васильевич,https://hh.ru/vacancy/38252766,от 45000 руб.,
Помощница/Помощник по хозяйству, Энитэль,https://hh.ru/vacancy/37796762,до 15000 руб.,
Младший менеджер проектов (IT), Арканит,https://hh.ru/vacancy/38325517,до 80000 руб.,
Illustrator, SUPER.com,https://hh.ru/vacancy/38042487,,
Уборщица (пищевое производство),ООО Зелёная компания,https://hh.ru/vacancy/38355430,до 45000 руб.,
Психолог в детский сад, Sun School (ИП Алехина Аурика Юрьевна),https://hh.ru/vacancy/38328676,50000-55000 руб.,Университет
Эксперт / Служба поиска объектов мобильной сети Московского региона, Nokia Networks,https://hh.ru/vacancy/38354550,,
Оптометрист, Оптика Видеть Легко,https://hh.ru/vacancy/38146172,,
Тайный покупатель, РевиZorro,https://hh.ru/vacancy/38216531,,
Первостольник (провизор/фармацевт) в частную несетевую аптеку, Аптека на Малой Бронной,https://hh.ru/vacancy/38094424,,
Сотрудник службы поддержки клиентов,ООО Новодело,https://hh.ru/vacancy/38250119,35000-40000 руб.,Сухаревская
Оператор 1С/ ассистент менеджера,ООО Ами Бьюти,https://hh.ru/vacancy/38033495,45000-48000 руб.,
Оператор 1 С / Оператор cервис-центра, Меридиан,https://hh.ru/vacancy/38246709,от 45000 руб.,
Специалист пресс-службы,Нек. орг. Роскачество,https://hh.ru/vacancy/38355963,от 60000 руб.,
Front-end junior+/middle разработчик (React), TOT Systems,https://hh.ru/vacancy/37412010,,
Оператор 1C,ООО Консул Медиа,https://hh.ru/vacancy/38230172,от 40000 руб.,
Видеооператор/режиссер монтажа,ООО Рыбомания,https://hh.ru/vacancy/38221675,,Славянский бульвар
Бизнес-аналитик на проект, Startup Rock Stars,https://hh.ru/vacancy/38139702,до 150000 руб.,
Младший специалист отдела дилинга и поддержки клиентских операций на финансовых рынках, NPBFX Limited,https://hh.ru/vacancy/36844223,60000-120000 руб.,Павелецкая
Технический писатель (удаленно), Americor Funding Inc,https://hh.ru/vacancy/38202814,,
Специалист по корпоративной культуре и внутренним коммуникациям,ООО Авентика,https://hh.ru/vacancy/38221338,,
Оператор линии по производству медицинских масок,ООО Сафети Фарм,https://hh.ru/vacancy/38354272,от 40000 руб.,
Аналитик,ООО Лига Спорта,https://hh.ru/vacancy/38203006,от 70000 руб.,
Менеджер,ООО Без Хлеба,https://hh.ru/vacancy/38209950,от 50000 руб.,Киевская
Арт-директор, Crazy Daisy Bar,https://hh.ru/vacancy/38330585,,
Специалист по кадрам в здравоохранении, ГБУЗ города Москвы Городская поликлиника № 67 Департамента здравоохранения города Москвы,https://hh.ru/vacancy/38212299,от 70000 руб.,Верхние Котлы
Оператор колл-центра (удаленно),ООО Дом Групп,https://hh.ru/vacancy/37484974,от 35000 руб.,
Специалист по контролю МРЦ,ИП Ильина Алёна Алексеевна,https://hh.ru/vacancy/38033817,15000-20000 руб.,Нижегородская
Администратор в магазин одежды GANT ( ТЦ Океания )," S.F. Group ( Gant,Barbour)",https://hh.ru/vacancy/38315662,от 45000 руб.,Славянский бульвар
Полицейский Росгвардии, 4 отдел охраны ЦСН ВО Росгвардии,https://hh.ru/vacancy/38322462,50100-58100 руб.,Таганская
"Оператор базы данных / Администратор интернет-магазина (ценообразование, 1С УТ)",ООО Диам Алмаз,https://hh.ru/vacancy/38232085,от 45000 руб.,
Электросварщик,ООО Мтк-Энерго,https://hh.ru/vacancy/38255878,70000-90000 руб.,
Системный администратор,ООО Лайт Информ,https://hh.ru/vacancy/38029500,70000-90000 руб.,
Торговый представитель,ООО Хлеб Доставка,https://hh.ru/vacancy/38032042,60000-100000 руб.,
Специалист календарно-сетевого планирования,ОАО Москапстрой,https://hh.ru/vacancy/38215495,60000-120000 руб.,Аэропорт
Оперуполномоченный (Москва), УВД по СЗАО ГУ МВД России по г. Москве,https://hh.ru/vacancy/26752029,от 50000 руб.,
Системный администратор,ООО ИНГИПРО,https://hh.ru/vacancy/38206793,70000-100000 руб.,
Волонтер,"Нек. орг. Дети Марии, Художественный центр",https://hh.ru/vacancy/36162170,,
Senior Project Manager, Sibedge,https://hh.ru/vacancy/38138858,до 250000 руб.,Тульская
Web-разработчик,ООО Веб Гранд,https://hh.ru/vacancy/38218673,45000-100000 руб.,Пражская
QA Engineer / Тестировщик, HuskyJam,https://hh.ru/vacancy/38325920,,
QA-инженер/тестировщик игр в социальных сетях, Crazy Panda,https://hh.ru/vacancy/38210312,,
Менеджер проекта,ОАО Москапстрой,https://hh.ru/vacancy/38219921,от 75000 руб.,Воробьевы горы
Аналитик - эконометрист / Data scientist (Junior/Middle),ООО БСТ Менеджмент-Консалтинг,https://hh.ru/vacancy/38310928,,
Специалист отдела кадров/ специалист по кадрам,ПАО Институт Стволовых Клеток Человека,https://hh.ru/vacancy/37742571,50000-50000 руб.,Академическая
Технолог-программист станков с ЧПУ,ООО ИПК СПЕКТР,https://hh.ru/vacancy/38237785,от 70000 руб.,
Ассистент менеджера проектов, Gridnine Systems,https://hh.ru/vacancy/38239655,,Киевская
Специалист по кадрам, Helen Group Rus,https://hh.ru/vacancy/38020679,от 15000 руб.,Красносельская
Специалист по обслуживанию банковского оборудования, АТМ АЛЬЯНС,https://hh.ru/vacancy/38211437,50000-55000 руб.,Дубровка
Редактор журнала,ООО Виталон,https://hh.ru/vacancy/37922498,от 70000 руб.,
Сборщик ПВХ и AL конструкций,ООО Рассвет,https://hh.ru/vacancy/38218444,от 50000 руб.,
Менеджер-администратор,ООО Омега,https://hh.ru/vacancy/37964913,от 40000 руб.,
QA Engineer (Manual),ООО FundCount,https://hh.ru/vacancy/38255959,до 160000 руб.,Бауманская
Специалист вокзальной службы,ООО РМ,https://hh.ru/vacancy/38211356,от 40000 руб.,Проспект Мира
Специалист по регистрации лекарственных препаратов,ООО Центр Молекулярных Исследований,https://hh.ru/vacancy/38211821,,
Специалист технической поддержки / Call-центр," БизнесАвтоматика, НПЦ",https://hh.ru/vacancy/38311900,,
Оператор автоматического ламинатора, ФС Принт,https://hh.ru/vacancy/38037941,от 45000 руб.,Пражская
Установщик оборудования GPS/ГЛОНАСС мониторинга автотранспорта,ООО НТС,https://hh.ru/vacancy/38354770,,
"Python-разработчик (Django, DRF)",ООО Фабрика Решений,https://hh.ru/vacancy/38249532,60000-150000 руб.,Сухаревская
Менеджер проектов на стороне заказчика (строительство и реконструкция коммерческой недвижимости),ООО Природа Инвест,https://hh.ru/vacancy/37827556,от 150000 руб.,
Преподаватель английского языка онлайн,ИП Ильченко Ю.С.,https://hh.ru/vacancy/36895891,700-800 USD,
Key Account Manager, HIPER,https://hh.ru/vacancy/38148923,150000-250000 руб.,
Специалист по системе 1С, Баракат,https://hh.ru/vacancy/37700511,от 130000 руб.,
Парикмахер-универсал,ООО Парфэ,https://hh.ru/vacancy/38241420,60000-150000 руб.,Каховская
Программист 1С, 1С-АВТОМАТИЗАЦИЯ,https://hh.ru/vacancy/38253801,35000-120000 руб.,Авиамоторная
Специалист по компенсациям и льготам, Аналитический центр,https://hh.ru/vacancy/38355786,,
Tech lead/Архитектор,ООО АМ-интеллектуальные технологии,https://hh.ru/vacancy/38138750,300000-350000 руб.,
Специалист по управлению недвижимостью/Проект-менеджер," Управляющая Компания КМ-ГРУПП,ЗАО",https://hh.ru/vacancy/38236361,до 130000 руб.,
Менеджер по контролю (офис в Химках), МИЭЛЬ,https://hh.ru/vacancy/38255298,от 40000 руб.,
Бренд-менеджер (Одежда и Аксессуары),ООО Путь К Мечте,https://hh.ru/vacancy/38322032,70000-120000 руб.,
Системный администратор,ООО АЛЬФАКОМ,https://hh.ru/vacancy/38325411,80000-80000 руб.,
Специалист отдела кадров,ООО Maximov Group,https://hh.ru/vacancy/38355112,55000-55000 руб.,
Ученик/ помощник мастера по ремонту и обслуживанию кофейного оборудования, Орлова Анна,https://hh.ru/vacancy/37839463,55000-90000 руб.,Павелецкая
Специалист по тестированию (Команда Поиск-1), HeadHunter::QA,https://hh.ru/vacancy/38249623,от 130000 руб.,Алексеевская
Оператор на выписку документов,ООО БАРКИНВУД,https://hh.ru/vacancy/37393783,от 27000 руб.,
Редактор в бизнес-издание,ООО Мамихлапинатана,https://hh.ru/vacancy/37939113,70000-80000 руб.,
Data scientist /аналитик данных, ГК «ВИЗАВИ Консалт»,https://hh.ru/vacancy/38222140,120000-150000 руб.,
Начальник мебельного производства,ООО Детский интерьер,https://hh.ru/vacancy/38356073,100000-250000 руб.,
Заместитель директора кафе,ООО ВиллиКан,https://hh.ru/vacancy/38148105,60000-75000 руб.,Октябрьское поле
Разработчик Python (удаленная работа),ИП Рыжков Даниил Алексеевич,https://hh.ru/vacancy/38145341,от 130000 руб.,
Специалист службы технической поддержки клиентов / операторов связи, Представительство ООО Айпивоип,https://hh.ru/vacancy/38147838,от 80000 руб.,Партизанская
Системный администратор,ООО Содружество,https://hh.ru/vacancy/38315636,90000-90000 руб.,Калужская
Технический директор - Инженер по роботизации в инжиниринговую компанию,АО ЦРТ,https://hh.ru/vacancy/38134102,150000-250000 руб.,Войковская
Аккаунт-менеджер,ООО Айтаргет,https://hh.ru/vacancy/38138711,,Тульская
Менеджер - сборщик, Wooden Print,https://hh.ru/vacancy/38330328,30000-55000 руб.,Шоссе Энтузиастов
Менеджер дилерского отдела, ПТК Баринофф,https://hh.ru/vacancy/38235263,60000-120000 руб.,Рязанский проспект
Ассистент руководителя, Гусев Дмитрий,https://hh.ru/vacancy/38330577,до 65000 руб.,
Куратор в онлайн школу по управленческому учёту, Faudix,https://hh.ru/vacancy/38148154,от 20000 руб.,
Специалист/инженер по сертификации, Пи Эм Ай Системс,https://hh.ru/vacancy/38234403,,Аннино
Middle/Junior Full Stack JavaScript разработчик, Immersive games,https://hh.ru/vacancy/38313677,80000-150000 руб.,
"Инженер-стажер ПГС (КМ, КМД, КЖ, АР)", СтальПроект,https://hh.ru/vacancy/38329669,25000-25000 руб.,
Сварщик,ИП Кобзев Артем Валерьевич,https://hh.ru/vacancy/38355813,85000-110000 руб.,
Младший тестировщик-программист С/С++,ООО Лаборатория Безопасных Систем,https://hh.ru/vacancy/37827696,,Сокол
Парикмахер-стилист, TopLook beauty Lab,https://hh.ru/vacancy/38317767,45000-120000 руб.,
Системный администратор, Юноя Консалтинг,https://hh.ru/vacancy/38233145,,
Менеджер по аренде торговых помещений,ООО Леви Штраусс Москва,https://hh.ru/vacancy/38354000,,
Брокер по элитной недвижимости, PEOPLE AGENCY,https://hh.ru/vacancy/38148714,300000-800000 руб.,
Аналитик,ЗАО Сбербанк Управление Активами,https://hh.ru/vacancy/37128633,,
Специалист по архивированию документации, Билайн,https://hh.ru/vacancy/37850349,,
Проектный менеджер SAP,ПАО Энел Россия,https://hh.ru/vacancy/38354193,,
Сотрудник первой линии технической поддержки,ООО Клеверенс Софт,https://hh.ru/vacancy/38324867,от 35000 руб.,Нагатинская
Специалист по поддержке клиентов, ELARI,https://hh.ru/vacancy/38138020,40000-50000 руб.,
Редактор новостей,ООО А-Нью Технолоджи,https://hh.ru/vacancy/38328965,до 40000 руб.,
Специалист технической поддержки," Torro Grill, сеть ресторанов",https://hh.ru/vacancy/38237830,от 50000 руб.,
Редактор научной литературы в издательство URSS, Научное издательство,https://hh.ru/vacancy/38221653,до 80000 руб.,Профсоюзная
Менеджер по закупке сырья и упаковки для косметического производства,ООО НАТУРАЛЬНЫЕ МАСЛА,https://hh.ru/vacancy/37844997,60000-70000 руб.,
Архитектор / Специалист / Инженер внедрения (Microsoft)," Агентство 21 век, КЦ",https://hh.ru/vacancy/38355074,до 160000 руб.,
Помощник/помощница на даче, Исакова Оксана Леонидовна,https://hh.ru/vacancy/38355616,50000-70000 руб.,
Оператор 1C,АО ГЛАВСНАБ,https://hh.ru/vacancy/38248199,от 30000 руб.,
Работник на производство (Сырный цех),ООО Дениз Ричардс,https://hh.ru/vacancy/38041938,30000-40000 руб.,Волгоградский проспект
"Эксперт Росреестра, специалист по бюджетному планированию, разработке межотраслевого баланса", SCM Consult,https://hh.ru/vacancy/38356068,,
Системный администратор / IT-специалист с базовым знанием 1С, то-ма-то,https://hh.ru/vacancy/38213864,55000-65000 руб.,
Оператор 1с,ООО Алекс Инжиниринг,https://hh.ru/vacancy/38227452,40000-40000 руб.,Водный стадион
Frontend-разработчик, Takeoff Staff,https://hh.ru/vacancy/37567505,до 60000 руб.,
Оператор 1С,ООО Варсопромторг,https://hh.ru/vacancy/38321930,35000-35000 руб.,
IT-инженер,ООО ТВ Маркет,https://hh.ru/vacancy/38253940,50000-60000 руб.,
Сборщик мебели,ООО Энергосервисная компания,https://hh.ru/vacancy/38255354,80000-120000 руб.,
Помощник ГИПа/главного инженера проекта,ООО ПОДЗЕМПРОЕКТ,https://hh.ru/vacancy/38355855,,
Стажер в бьюти отдел, Design Links,https://hh.ru/vacancy/37965030,,Киевская
Инженер-Физик (электрофизическире установки и электроника),ООО Нано-Инвест,https://hh.ru/vacancy/38355927,от 60000 руб.,Перово
Инженер отдела технической поддержки,ООО РозТех,https://hh.ru/vacancy/38075884,57500-57500 руб.,
Аналитик, Rendez-Vous. Офис,https://hh.ru/vacancy/38282997,,Селигерская
Программист 1С: Управление торговлей 11,ООО Рилайнс,https://hh.ru/vacancy/38234290,80000-120000 руб.,
Утюжильщица/Утюжильщик в швейный цех, Farfalle,https://hh.ru/vacancy/38354562,от 40000 руб.,Нагатинская
Помощник технолога по качеству,ООО Мясной комбинат Богатырь,https://hh.ru/vacancy/38218201,до 30000 руб.,Ботанический сад
Специалист по контролю и развитию развитию сервисного центра, GENEX,https://hh.ru/vacancy/37848303,,Речной вокзал
Печатник,ООО Принт-Эдженси,https://hh.ru/vacancy/38246155,от 60000 руб.,Авиамоторная
Сopywriter, R A D A R Advertising,https://hh.ru/vacancy/38222215,75000-100000 руб.,
Директор по продукту (Chief Product Officer), Allright,https://hh.ru/vacancy/38329742,,
Программист C/C++," ФИЛАКС, OOO",https://hh.ru/vacancy/38321891,,Калужская
Начинающий инженер телекоммуникаций,ООО Хуасюнь Групп Ру,https://hh.ru/vacancy/38232126,,
Оператор 1C,ООО Бренд Трейд,https://hh.ru/vacancy/38094362,45000-45000 руб.,
Персональный ассистент, Филиал ПростоБанк Банка КУБ АО,https://hh.ru/vacancy/38018083,от 90000 руб.,
Специалист по сметно-договорной работе,ООО Мостоотряд-47,https://hh.ru/vacancy/38253346,от 65000 руб.,
Менеджер образовательных проектов,Нек. орг. Роскачество,https://hh.ru/vacancy/38355967,от 60000 руб.,
Веб-программист / HTML-верстальщик,ООО РА Кефир,https://hh.ru/vacancy/38138749,70000-100000 руб.,
Сборщик, Энергон,https://hh.ru/vacancy/38328650,,
Ворки Тайм, Ворки Тайм,https://hh.ru/vacancy/38354966,50000-100000 руб.,
Куратор в загородную семейную школу, Гусенок на Новой Риге,https://hh.ru/vacancy/37938565,100000-100000 руб.,
Специалист отдела экспертизы документов (урегулирование убытков ОСАГО)," Дельта, группа содействия",https://hh.ru/vacancy/38244221,до 45000 руб.,
Internal Sales Specialist and Team Assistant,ООО Infineon Technologies RUS,https://hh.ru/vacancy/37927765,от 90000 руб.,
Редактор сайта, Restoclub.ru,https://hh.ru/vacancy/38247107,40000-40000 руб.,
Андеррайтер (гарантийный аналитик), ФБД,https://hh.ru/vacancy/38208254,от 40000 руб.,
Обвальщик мяса,ООО Востряково-2,https://hh.ru/vacancy/38136129,от 55000 руб.,Пражская
Капитан - наставник,АО Роснефтефлот,https://hh.ru/vacancy/38148111,,Деловой центр
Контент менеджер - администратор сайта,ООО Априори ТПК,https://hh.ru/vacancy/37873804,75000-100000 руб.,Строгино
Рабочий зеленого хозяйства, ГБУ Озеленение,https://hh.ru/vacancy/37471465,30000-40000 руб.,Саларьево
Театральный администратор, Moscow Show,https://hh.ru/vacancy/38241553,50000-70000 руб.,
Специалист по ремонтам электроники / Инструктор, Экскалибр Инк. Digital Control Incorporated,https://hh.ru/vacancy/38021137,80000-100000 руб.,
Парикмахер,ООО Н-бьюти,https://hh.ru/vacancy/38354812,от 70000 руб.,
Специалист по обработке заказов," BEGARAT VERTRIEBS- UND SERVICE GMBH, филиал в России",https://hh.ru/vacancy/37840705,,
Помощник менеджера по закупкам, MED-MAGAZIN.ru,https://hh.ru/vacancy/38139817,от 53000 руб.,Митино
Программист, Ювенко,https://hh.ru/vacancy/38250964,,
SEO-оптимизатор, Домофф Групп,https://hh.ru/vacancy/37937671,100000-250000 руб.,Молодежная
Андеррайтер,ООО Анель,https://hh.ru/vacancy/38256359,40000-40000 руб.,
Режиссер-постановщик, MarketEmotion,https://hh.ru/vacancy/38124245,,
Рекрутер, Работа-это проСТО,https://hh.ru/vacancy/38209244,,
Сметчик в строительную компанию (FIT-OUT),ООО АЛЬФА КОНСТРАКТ,https://hh.ru/vacancy/37814277,101000-145000 руб.,
Специалист службы безопасности с навыками ИТ,ООО Фрейтер,https://hh.ru/vacancy/38320409,от 70000 руб.,Улица 1905 года
Сотрудник КРО / Ревизор,ООО Фарма-Менеджмент,https://hh.ru/vacancy/37936349,,Нагатинская
Специалист по сертификации (косметическая продукция), Аравия,https://hh.ru/vacancy/38146908,,Авиамоторная
Начинающий специалист,ИП Кафарова Инна Николаевна,https://hh.ru/vacancy/38217145,от 60000 руб.,
Специалист технической поддержки пользователей, ФКУ Центр по обеспечению деятельности Казначейства России,https://hh.ru/vacancy/37637443,50000-50000 руб.,Белорусская
Frontend-разработчик,ООО НИР,https://hh.ru/vacancy/37927167,от 35000 руб.,
Парикмахер-универсал, Парикмахерская Московский стиль,https://hh.ru/vacancy/38033799,60000-70000 руб.,
Frontend-разработчик, Serptop,https://hh.ru/vacancy/38124364,от 50000 руб.,ВДНХ
Специалист отдела планирования поставок, HAVI (ООО РУЛОГ),https://hh.ru/vacancy/38220599,,Юго-Западная
Оператор 1С,ООО КОТМАРКОТ,https://hh.ru/vacancy/37840037,33000-35000 руб.,
"Ассистент медицинского директора, стажер медицинского отдела (направление урология)",ООО ЭСЭЙЧ ФАРМА,https://hh.ru/vacancy/38147558,,
Стажер SAP BI,ООО Крит,https://hh.ru/vacancy/38238491,от 30000 руб.,
Печатник широкоформатного плоттера, Камелия Принт,https://hh.ru/vacancy/38131917,от 40000 руб.,Электрозаводская
Ассистент руководителя, Академия системных решений,https://hh.ru/vacancy/38354124,30000-60000 руб.,
Менеджер по печати договоров,ООО Центр Страхования,https://hh.ru/vacancy/38235047,22000-25000 руб.,Лухмановская
Помощник менеджера в отдел закупок,ИП Курочкин Игорь Алексеевич,https://hh.ru/vacancy/37930627,40000-45000 руб.,Теплый Стан
Помощник оценщика недвижимости,ООО ИНЕКС,https://hh.ru/vacancy/37929166,от 70000 руб.,Тульская
Технический специалист,ИП Зотов Константин Александрович,https://hh.ru/vacancy/38354613,50000-80000 руб.,
Ведущий специалист технической поддержки [id52461], ПАО «Газпром нефть»,https://hh.ru/vacancy/37326701,,Калужская
Специалист сметного отдела, МЭГЛИ ПРОЕКТ,https://hh.ru/vacancy/38231261,от 40000 руб.,Новые Черемушки
Инженер-пусконаладчик,АО НПО АНГСТРЕМ,https://hh.ru/vacancy/37323085,до 100000 руб.,
Тестировщик ПО,ООО Глобал Консалтинг Групп,https://hh.ru/vacancy/38244628,100000-140000 руб.,Красные ворота
Мастер лазерной эпиляции, Студия ГладкийЯ,https://hh.ru/vacancy/37445486,60000-100000 руб.,Митино
Рабочий погрузочно-разгрузочных работ,ООО ПерсоналГрад,https://hh.ru/vacancy/38314600,от 84000 руб.,
Строитель-отделочник/Отделочник-универсал,ООО Стройимпекс,https://hh.ru/vacancy/38135179,70000-100000 руб.,
"Аналитик информационного поля (СМИ, соцсети, телеграм-каналы)", PR Inc.,https://hh.ru/vacancy/38093507,,
Sales Manager / Business Development Manager, Coin Liquidity Solutions,https://hh.ru/vacancy/38329696,,
Фельдшер, International SOS,https://hh.ru/vacancy/38329658,,
Ассистент-стажер (поставки на маркетплейсы), Cheros,https://hh.ru/vacancy/37012080,25000-30000 руб.,Кузнецкий мост
Специалист-разработчик Oracle, ИнтэлЛекс,https://hh.ru/vacancy/37329599,от 100000 руб.,
Администратор в интернет-магазин электроники,ООО Московская Тендерная Компания,https://hh.ru/vacancy/38143119,50000-60000 руб.,
Менеджер проекта (уличная торговля),ЗАО Баскин Роббинс,https://hh.ru/vacancy/38224505,50000-150000 руб.,
Бизнес-аналитик,АО Уголь-Транс,https://hh.ru/vacancy/38242379,от 100000 руб.,
Бизнес-ассистент генерального директора в строительную компанию,АО Строительная компания ФЛАН - М,https://hh.ru/vacancy/37933426,80000-100000 руб.,
